ID,SPEED,TEMP
100,100.000000,100.000000
101,80.000000,80.000000
102,110.000000,80.000000
103,80.000000,110.000000
104,50.000000,120.000000
105,150.000000,50.000000
106,999.000000,999.000000
107,145.000000,80.000000
108,30.000000,10.000000
109,111.000000,111.000000
110,40.000000,50.000000
101,40.000000,50.000000
